 Advance Dental Care Stick Mini Pack 4 x 360Grs higiene dental para perros,30.85 €,https://www.petsonic.com/18855-large_default/affinity-advance-dental-care-stick-mini-para-perros.jpg
 Advance Dental Care Stick Medium Pack higiene dental para perros 180 Gr,35.29 €,https://www.petsonic.com/18858-large_default/affinity-advance-dental-care-stick-medium-para-perros.jpg
 Advance Dental Care Stick Medium Pack higiene dental para perros 13 Unidades.,35.29 €,https://www.petsonic.com/18858-large_default/affinity-advance-dental-care-stick-medium-para-perros.jpg
 Purina Pro Plan Snack Dentalife para Perro X-Small 5 Unidades x 69gr,9.95 €/u,https://www.petsonic.com/15574-large_default/snack-dentalife-para-perro-x-small.jpg
 Purina Pro Plan Snack Dentalife para Perro X-Small 5 Unidades x 207gr,25.95 €/u,https://www.petsonic.com/15574-large_default/snack-dentalife-para-perro-x-small.jpg
 Purina Pro Plan Snack Dentalife para Perros Mini 5 unidades x 115Grs,11.99 €/u,https://www.petsonic.com/11184-large_default/purina-pro-plan-snack-dentalife-mini-para-perros.jpg
 Purina Pro Plan Snack Dentalife para Perros Mini 4 Unidades x 345gr,23.95 €/u,https://www.petsonic.com/11184-large_default/purina-pro-plan-snack-dentalife-mini-para-perros.jpg
 Purina Pro Plan Snack Dentalife para Perros Medianos 5 unidades x 115Grs,11.95 €/u,https://www.petsonic.com/11186-large_default/purina-pro-plan-snack-dentalife-medianos-para-perros.jpg
 Purina Pro Plan Snack Dentalife para Perros Medianos 5 unidades x 345Grs,29.95 €/u,https://www.petsonic.com/11186-large_default/purina-pro-plan-snack-dentalife-medianos-para-perros.jpg
 Purina Pro Plan Snack Dentalife para Perros Grandes 5 Unidades x 142gr,9.30 €/u,https://www.petsonic.com/11188-large_default/purina-pro-plan-snack-dentalife-grandes-para-perros.jpg
 Purina Pro Plan Snack Dentalife para Perros Grandes 5 Unidades x 426gr,29.95 €/u,https://www.petsonic.com/11188-large_default/purina-pro-plan-snack-dentalife-grandes-para-perros.jpg
 Dentastix para perros pequeños -10kg. Pedrigree barritas dentales Caja 28 barritas ( 7 x4),8.49 €/u,https://www.petsonic.com/10731-large_default/pedigree-dentastix-5-10-kg-sticks-dentales-para-perros.jpg
 Dentastix para perros pequeños -10kg. Pedrigree barritas dentales Caja 56 barritas ( 8x7),13.98 €,https://www.petsonic.com/10731-large_default/pedigree-dentastix-5-10-kg-sticks-dentales-para-perros.jpg
 Dentastix para perros pequeños -10kg. Pedrigree barritas dentales Caja 112 barritas (16x7),23.96 €,https://www.petsonic.com/10731-large_default/pedigree-dentastix-5-10-kg-sticks-dentales-para-perros.jpg
 Dentastix para perros medianos 10-25kg. Pedrigree barritas dentales Caja 28 barritas ( 7 x4),9.49 €/u,https://www.petsonic.com/10732-large_default/pedigree-dentastix-10-25kg-sticks-dentales-para-perros.jpg
 Dentastix para perros medianos 10-25kg. Pedrigree barritas dentales Caja 56 barritas ( 8x7),15.98 €,https://www.petsonic.com/10732-large_default/pedigree-dentastix-10-25kg-sticks-dentales-para-perros.jpg
 Dentastix para perros medianos 10-25kg. Pedrigree barritas dentales Caja 112 barritas (16x7),27.96 €,https://www.petsonic.com/10732-large_default/pedigree-dentastix-10-25kg-sticks-dentales-para-perros.jpg
 Dentastix para perros grandes +25kg. Pedrigree barritas dentales Caja 28 barritas ( 7 x4),11.99 €/u,https://www.petsonic.com/15896-large_default/pedigree-dentastix-25-kg-para-perros.jpg
 Dentastix para perros grandes +25kg. Pedrigree barritas dentales Caja 56 barritas ( 8x7),20.98 €,https://www.petsonic.com/15896-large_default/pedigree-dentastix-25-kg-para-perros.jpg
 Dentastix para perros grandes +25kg. Pedrigree barritas dentales Caja 112 barritas (16x7),37.96 €,https://www.petsonic.com/15896-large_default/pedigree-dentastix-25-kg-para-perros.jpg
 Bayer Limpiador Dental Masticable para Perros,6.99 €/u,https://www.petsonic.com/15895-large_default/bayer-limpiador-dental-masticable-para-perros.jpg
 Purina Pro Plan Biscuits Dental Bar 150gr.,16.50 €,https://www.petsonic.com/13407-large_default/purina-pro-plan-biscuits-dental-bar-150gr-para-perros.jpg
 virbac VeggieDent Fresh para Perro XS,5.50 €/u,https://www.petsonic.com/17253-large_default/virbac-veggiedent-fresh-para-perro.jpg
 virbac VeggieDent Fresh para Perro S,6.05 €/u,https://www.petsonic.com/17253-large_default/virbac-veggiedent-fresh-para-perro.jpg
 virbac VeggieDent Fresh para Perro M,6.99 €/u,https://www.petsonic.com/17253-large_default/virbac-veggiedent-fresh-para-perro.jpg
 virbac VeggieDent Fresh para Perro L,8.25 €/u,https://www.petsonic.com/17253-large_default/virbac-veggiedent-fresh-para-perro.jpg
